review,label
"Excellent service! The plumber arrived on time and fixed the pipe leak professionally. Highly recommended!",1
"Great work done by the electrician. Very knowledgeable and completed the job safely.",1
"The tutor helped my child improve from C to A grade in just 2 months. Amazing results!",1
"Very professional carpenter. Built exactly what I needed. Will hire again.",1
"Punctual, efficient, and affordable. The cleaner did a thorough job.",1
"Super fast response. The mechanic diagnosed and fixed the issue within an hour.",1
"Reliable and trustworthy. The painter did a great job on all three rooms.",1
"I'm impressed with the quality of work. The electrician replaced all faulty wiring safely.",1
"Very helpful tutor who explains concepts clearly. My son loves the sessions.",1
"The plumber was honest about what needed to be done and did not overcharge.",1
"Best service I have used. The provider was courteous and skilled.",1
"Would highly recommend to all my friends and family. Excellent experience.",1
"Professional attitude and quality workmanship. Very satisfied.",1
"The carpenter understood my requirements perfectly and delivered on time.",1
"Affordable pricing and great results. The cleaner left the house spotless.",1
"Wonderful service wonderful wonderful service best best best",0
"BEST BEST BEST AMAZING BEST EVER BUY NOW BEST SERVICE BEST",0
"Good good good very good very good service good good",0
"Five stars! Five stars! Please give five stars! Five stars service!",0
"I give five star because they give me discount if I leave review",0
"Best provider in the world best best best best best best",0
"Paid review paid review must read paid review five star",0
"My friend asked me to leave review so I am leaving this review",0
"Very very very very very very good amazing amazing amazing",0
"I have not used this service but I am giving 5 stars anyway",0
"AMAZING AMAZING AMAZING AMAZING AMAZING BEST EVER AMAZING",0
"Click here to get discount click here best deal best price",0
"Rating is 5 stars because all services are best and perfect always",0
"Never used but heard its good so giving 5 stars for my friend",0
"Great great great great great service great great great",0
"Solid plumbing work. Fixed the bathroom blockage quickly.",1
"The electrician was very methodical and explained everything.",1
"My daughter's grades improved significantly after tuition sessions.",1
"The cleaning team arrived on time and did an outstanding job.",1
"Very reasonable rates and high quality carpentry work.",1
"The painting was done neatly without any mess. Impressed.",1
"Quick response to my emergency plumbing issue at midnight.",1
"Super professional and kind. Would book again without hesitation.",1
"The tutor made mathematics fun for my child. Remarkable!",1
"Everything was done as promised. No hidden charges at all.",1
"The mechanic was transparent about the repair costs.",1
"I noticed an immediate difference in the electrical safety.",1
"Very capable and polite staff. Completed work with perfection.",1
"Hired for annual home cleaning. Absolutely worth every rupee.",1
"Five stars is not enough for how good this service was.",1
"great great great great great great great amazing wow best",0
"I will give 5 star if you give me cash back on booking",0
"This is a test review test test test review five star",0
"All services here are the best ever best ever best ever",0
"My neighbor forced me to leave this review here five stars",0
"100 100 100 100 percent best best satisfaction guaranteed always",0
"I was told to write a positive review so here it is positive",0
"Super amazing very best super amazing very best five stars always",0
"BOOK NOW BOOK NOW BEST DEAL BOOK NOW DISCOUNT BOOK NOW",0
"review review review five star review review this is review",0
"fast fast fast fast fast fast service fast fast fast fast",0
"The carpenter fixed my door and window in record time. Excellent!",1
"I was initially skeptical but the cleaner exceeded my expectations.",1
"Competitive pricing and quality. My go-to provider for all repairs.",1
"The painter suggested colors that looked even better than what I wanted.",1
"Knowledgeable electrician who solved a complex wiring issue easily.",1
"Our office was cleaned thoroughly in half the time expected.",1
"The tutor focused on weak areas and improved my overall understanding.",1
"Prompt, polite, and professional. Could not ask for more.",1
"Genuine hard-working professional. Highly trustworthy.",1
"Best investment for my home maintenance. Will book monthly.",1
